Date,Hour,AvgTEC
2025-01-01,00:00,3.3319
2025-01-01,01:00,6.6977
2025-01-01,02:00,11.4934
2025-01-01,03:00,16.3155
2025-01-01,04:00,26.038
2025-01-01,05:00,21.7585
2025-01-01,06:00,24.3029
2025-01-01,07:00,20.9237
2025-01-01,08:00,26.8308
2025-01-01,09:00,22.9032
2025-01-01,10:00,14.7742
2025-01-01,11:00,18.7118
2025-01-01,12:00,33.8496
2025-01-01,13:00,20.6752
2025-01-01,14:00,12.2093
2025-01-01,15:00,8.8572
2025-01-01,16:00,9.1672
2025-01-01,17:00,27.3602
2025-01-01,18:00,21.1565
2025-01-01,19:00,4.3379
2025-01-01,20:00,6.9042
2025-01-01,21:00,6.3131
2025-01-01,22:00,2.9488
2025-01-01,23:00,2.0814
2025-01-02,00:00,3.4041
2025-01-02,01:00,11.1653
2025-01-02,02:00,14.263
2025-01-02,03:00,17.5578
2025-01-02,04:00,20.7795
2025-01-02,05:00,23.587
2025-01-02,06:00,33.6722
2025-01-02,07:00,-16.7937
2025-01-02,08:00,23.3374
2025-01-02,09:00,26.7137
2025-01-02,10:00,20.4757
2025-01-02,11:00,20.8032
2025-01-02,12:00,18.0159
2025-01-02,13:00,11.0663
2025-01-02,14:00,11.4951
2025-01-02,15:00,11.1039
2025-01-02,16:00,10.0841
2025-01-02,17:00,7.2813
2025-01-02,18:00,4.0063
2025-01-02,19:00,6.6777
2025-01-02,20:00,-0.2453
2025-01-02,21:00,3.3774
2025-01-02,22:00,2.3996
2025-01-02,23:00,4.007
2025-01-03,00:00,3.1011
2025-01-03,01:00,7.2056
2025-01-03,02:00,10.4067
2025-01-03,03:00,16.0703
2025-01-03,04:00,18.4922
2025-01-03,05:00,19.7042
2025-01-03,06:00,22.6879
2025-01-03,07:00,28.0629
2025-01-03,08:00,22.6946
2025-01-03,09:00,18.6147
2025-01-03,10:00,20.2763
2025-01-03,11:00,17.7449
2025-01-03,12:00,15.3504
2025-01-03,13:00,12.8495
2025-01-03,14:00,11.6603
2025-01-03,15:00,1.2128
2025-01-03,16:00,3.195
2025-01-03,18:00,4.5376
2025-01-03,19:00,5.2002
2025-01-03,20:00,4.0839
2025-01-03,21:00,0.0487
2025-01-03,22:00,2.9759
2025-01-03,23:00,-0.7762
2025-01-04,00:00,3.1824
2025-01-04,01:00,5.3189
2025-01-04,02:00,11.2087
2025-01-04,03:00,16.2865
2025-01-04,04:00,15.5295
2025-01-04,05:00,18.6732
2025-01-04,06:00,22.5157
2025-01-04,07:00,23.2473
2025-01-04,08:00,22.4658
2025-01-04,09:00,30.7736
2025-01-04,10:00,-6.6409
2025-01-04,11:00,19.9622
2025-01-04,12:00,21.8819
2025-01-04,13:00,4.3345
2025-01-04,14:00,9.9826
2025-01-04,15:00,7.3518
2025-01-04,16:00,14.9751
2025-01-04,17:00,5.687
2025-01-04,18:00,-12.4096
2025-01-04,19:00,4.6686
2025-01-04,20:00,3.7872
2025-01-04,21:00,2.5599
2025-01-04,22:00,2.6799
2025-01-04,23:00,2.1767
2025-01-05,00:00,3.1043
2025-01-05,01:00,6.4565
2025-01-05,03:00,13.1425
2025-01-05,04:00,16.0962
2025-01-05,05:00,20.3891
2025-01-05,06:00,23.2843
2025-01-05,07:00,20.5563
2025-01-05,08:00,26.6953
2025-01-05,09:00,37.8747
2025-01-05,10:00,25.3156
2025-01-05,11:00,16.687
2025-01-05,12:00,14.8523
2025-01-05,13:00,11.2935
2025-01-05,14:00,12.7386
2025-01-05,15:00,8.1154
2025-01-05,16:00,8.5465
2025-01-05,17:00,8.0727
2025-01-05,18:00,3.2471
2025-01-05,19:00,3.0798
2025-01-05,20:00,2.7349
2025-01-05,21:00,2.3804
2025-01-05,22:00,5.2825
2025-01-05,23:00,2.3665
2025-01-06,00:00,3.267
2025-01-06,01:00,4.3051
2025-01-06,02:00,6.5476
2025-01-06,03:00,12.9781
2025-01-06,04:00,15.5613
2025-01-06,05:00,19.6743
2025-01-06,06:00,21.0496
2025-01-06,07:00,21.1826
2025-01-06,08:00,32.527
2025-01-06,09:00,28.6033
2025-01-06,10:00,12.1449
2025-01-06,11:00,20.3996
2025-01-06,12:00,17.9206
2025-01-06,13:00,13.5047
2025-01-06,14:00,12.4373
2025-01-06,15:00,17.9276
2025-01-06,16:00,1.275
2025-01-06,17:00,27.6052
2025-01-06,18:00,-19.7748
2025-01-06,19:00,0.1806
2025-01-06,20:00,3.3697
2025-01-06,21:00,2.6405
2025-01-06,22:00,2.7637
2025-01-06,23:00,2.8966
2025-01-07,00:00,3.045
2025-01-07,01:00,6.552
2025-01-07,02:00,13.1741
2025-01-07,03:00,15.08
2025-01-07,04:00,13.8193
2025-01-07,05:00,19.8761
2025-01-07,06:00,22.3035
2025-01-07,07:00,24.0174
2025-01-07,08:00,33.6869
2025-01-07,09:00,37.8325
2025-01-07,10:00,22.6343
2025-01-07,12:00,15.6022
2025-01-07,13:00,-7.7655
2025-01-07,14:00,8.7645
2025-01-07,15:00,14.0669
2025-01-07,16:00,7.4365
2025-01-07,17:00,8.8182
2025-01-07,18:00,5.8642
2025-01-07,19:00,3.1159
2025-01-07,20:00,3.401
2025-01-07,21:00,5.054
2025-01-07,22:00,2.7457
2025-01-07,23:00,2.3729
2025-01-08,00:00,3.2177
2025-01-08,01:00,8.0657
2025-01-08,02:00,8.6031
2025-01-08,03:00,12.6561
2025-01-08,04:00,15.1687
2025-01-08,05:00,13.528
2025-01-08,06:00,19.7361
2025-01-08,07:00,20.2563
2025-01-08,08:00,-47.7189
2025-01-08,09:00,20.8901
2025-01-08,10:00,19.8507
2025-01-08,11:00,-18.5678
2025-01-08,12:00,14.8761
2025-01-08,13:00,-61.365
2025-01-08,14:00,13.4143
2025-01-08,15:00,-14.8308
2025-01-08,16:00,3.0916
2025-01-08,17:00,5.7538
2025-01-08,18:00,4.6817
2025-01-08,19:00,2.3402
2025-01-08,20:00,2.5106
2025-01-08,21:00,1.636
2025-01-08,22:00,1.7588
2025-01-08,23:00,2.1766
2025-01-09,00:00,3.3233
2025-01-09,01:00,7.4005
2025-01-09,02:00,7.4339
2025-01-09,03:00,12.7365
2025-01-09,04:00,16.3786
2025-01-09,05:00,15.0259
2025-01-09,06:00,12.6062
2025-01-09,07:00,22.9086
2025-01-09,08:00,22.3047
2025-01-09,09:00,21.0035
2025-01-09,10:00,19.6842
2025-01-09,11:00,13.2026
2025-01-09,12:00,22.6892
2025-01-09,13:00,20.5642
2025-01-09,14:00,9.6526
2025-01-09,15:00,-5.7464
2025-01-09,16:00,-2.1775
2025-01-09,17:00,11.0944
2025-01-09,18:00,4.5799
2025-01-09,19:00,2.0721
2025-01-09,20:00,5.8336
2025-01-09,21:00,1.8362
2025-01-09,22:00,1.8847
2025-01-09,23:00,2.2001
2025-01-10,00:00,2.937
2025-01-10,01:00,8.1188
2025-01-10,02:00,9.5966
2025-01-10,03:00,13.1548
2025-01-10,04:00,18.4161
2025-01-10,05:00,25.5623
2025-01-10,06:00,19.5708
2025-01-10,07:00,23.4353
2025-01-10,08:00,20.6357
2025-01-10,09:00,20.6477
2025-01-10,10:00,25.12
2025-01-10,11:00,21.7106
2025-01-10,12:00,16.564
2025-01-10,13:00,9.0953
2025-01-10,14:00,14.0441
2025-01-10,15:00,7.3955
2025-01-10,16:00,5.2896
2025-01-10,17:00,5.1042
2025-01-10,18:00,2.9147
2025-01-10,19:00,2.5123
2025-01-10,20:00,2.7938
2025-01-10,21:00,1.8082
2025-01-10,22:00,1.7836
2025-01-10,23:00,2.0818
2025-01-11,00:00,2.9794
2025-01-11,01:00,5.2224
2025-01-11,02:00,8.7594
2025-01-11,03:00,12.1132
2025-01-11,04:00,16.0653
2025-01-11,05:00,18.4371
2025-01-11,06:00,20.3377
2025-01-11,07:00,16.3267
2025-01-11,08:00,8.4605
2025-01-11,09:00,15.9676
2025-01-11,10:00,16.2163
2025-01-11,11:00,12.2134
2025-01-11,12:00,11.7796
2025-01-11,13:00,2.682
2025-01-11,14:00,13.8907
2025-01-11,15:00,-3.1825
2025-01-11,16:00,-0.0165
2025-01-11,17:00,5.5663
2025-01-11,18:00,3.7827
2025-01-11,19:00,6.7394
2025-01-11,20:00,7.3088
2025-01-11,21:00,0.3251
2025-01-11,22:00,1.8113
2025-01-11,23:00,2.1439
2025-01-12,00:00,3.1145
2025-01-12,01:00,6.9591
2025-01-12,02:00,-7.7473
2025-01-12,03:00,11.7755
2025-01-12,04:00,14.498
2025-01-12,05:00,6.9508
2025-01-12,06:00,18.7017
2025-01-12,07:00,24.5139
2025-01-12,08:00,22.4318
2025-01-12,09:00,24.0951
2025-01-12,10:00,21.5571
2025-01-12,11:00,28.2168
2025-01-12,12:00,21.8147
2025-01-12,13:00,12.6003
2025-01-12,14:00,18.0932
2025-01-12,15:00,10.1456
2025-01-12,16:00,4.2228
2025-01-12,17:00,6.8813
2025-01-12,18:00,0.9505
2025-01-12,19:00,3.844
2025-01-12,20:00,2.276
2025-01-12,21:00,-1.9035
2025-01-12,22:00,1.713
2025-01-12,23:00,0.2452
2025-01-13,00:00,2.9991
2025-01-13,01:00,6.0022
2025-01-13,02:00,12.2384
2025-01-13,03:00,21.9144
2025-01-13,04:00,14.6709
2025-01-13,05:00,11.131
2025-01-13,06:00,19.5829
2025-01-13,07:00,20.4107
2025-01-13,08:00,19.4373
2025-01-13,09:00,16.0255
2025-01-13,10:00,24.9835
2025-01-13,11:00,20.7859
2025-01-13,12:00,18.6662
2025-01-13,13:00,9.4635
2025-01-13,14:00,3.7716
2025-01-13,15:00,4.7247
2025-01-13,16:00,6.2616
2025-01-13,17:00,4.6136
2025-01-13,18:00,4.1164
2025-01-13,19:00,1.3752
2025-01-13,20:00,3.1846
2025-01-13,21:00,0.9722
2025-01-13,22:00,4.6036
2025-01-13,23:00,1.3367
2025-01-14,00:00,2.7183
2025-01-14,01:00,6.1727
2025-01-14,02:00,11.516
2025-01-14,03:00,15.2475
2025-01-14,04:00,19.3074
2025-01-14,05:00,19.2098
2025-01-14,06:00,18.8232
2025-01-14,07:00,23.6982
2025-01-14,08:00,21.7233
2025-01-14,09:00,22.7182
2025-01-14,10:00,22.8918
2025-01-14,11:00,19.9956
2025-01-14,12:00,15.737
2025-01-14,13:00,-11.8969
2025-01-14,14:00,1.3728
2025-01-14,15:00,7.2159
2025-01-14,16:00,3.5409
2025-01-14,17:00,4.0426
2025-01-14,18:00,4.4751
2025-01-14,19:00,3.069
2025-01-14,20:00,2.8155
2025-01-14,21:00,6.9423
2025-01-14,22:00,2.6244
2025-01-14,23:00,1.7875
2025-01-15,00:00,3.0666
2025-01-15,01:00,6.6479
2025-01-15,02:00,12.5669
2025-01-15,03:00,13.0205
2025-01-15,04:00,16.8114
2025-01-15,05:00,20.8691
2025-01-15,06:00,16.8158
2025-01-15,07:00,21.8015
2025-01-15,08:00,21.1826
2025-01-15,09:00,15.838
2025-01-15,10:00,25.73
2025-01-15,11:00,13.7941
2025-01-15,12:00,17.4446
2025-01-15,13:00,11.8942
2025-01-15,14:00,7.6567
2025-01-15,15:00,6.211
2025-01-15,16:00,3.917
2025-01-15,17:00,6.6936
2025-01-15,18:00,4.3345
2025-01-15,19:00,4.645
2025-01-15,20:00,3.1651
2025-01-15,21:00,2.3388
2025-01-15,22:00,2.5981
2025-01-15,23:00,2.5832
2025-01-16,00:00,2.8376
2025-01-16,01:00,5.0855
2025-01-16,02:00,10.6879
2025-01-16,03:00,12.7925
2025-01-16,04:00,20.4892
2025-01-16,05:00,21.0581
2025-01-16,06:00,25.4212
2025-01-16,07:00,24.278
2025-01-16,08:00,25.1447
2025-01-16,09:00,25.6383
2025-01-16,10:00,18.1343
2025-01-16,11:00,22.7945
2025-01-16,12:00,14.8727
2025-01-16,13:00,14.8415
2025-01-16,14:00,7.6375
2025-01-16,15:00,9.1512
2025-01-16,16:00,4.9272
2025-01-16,17:00,9.0719
2025-01-16,18:00,2.7818
2025-01-16,19:00,4.7503
2025-01-16,20:00,3.2568
2025-01-16,21:00,3.7851
2025-01-16,22:00,2.6138
2025-01-16,23:00,2.9089
2025-01-17,00:00,2.9494
2025-01-17,01:00,6.5871
2025-01-17,02:00,10.0729
2025-01-17,03:00,14.0555
2025-01-17,04:00,16.9594
2025-01-17,05:00,22.6831
2025-01-17,06:00,9.9082
2025-01-17,07:00,26.8087
2025-01-17,08:00,28.6108
2025-01-17,09:00,-14.5669
2025-01-17,10:00,20.3521
2025-01-17,11:00,23.7062
2025-01-17,12:00,4.9197
2025-01-17,13:00,11.1739
2025-01-17,14:00,15.0353
2025-01-17,15:00,9.1538
2025-01-17,17:00,11.9674
2025-01-17,18:00,3.1005
2025-01-17,19:00,4.1076
2025-01-17,20:00,3.4018
2025-01-17,21:00,2.9458
2025-01-17,22:00,2.2295
2025-01-17,23:00,3.2275
2025-01-18,00:00,3.1842
2025-01-18,01:00,4.9426
2025-01-18,02:00,-2.8608
2025-01-18,03:00,9.4607
2025-01-18,04:00,12.1243
2025-01-18,05:00,15.893
2025-01-18,06:00,17.0719
2025-01-18,07:00,17.2895
2025-01-18,08:00,21.5726
2025-01-18,09:00,15.4942
2025-01-18,10:00,10.5561
2025-01-18,11:00,12.9412
2025-01-18,12:00,9.9501
2025-01-18,13:00,8.4684
2025-01-18,14:00,11.6752
2025-01-18,15:00,9.0528
2025-01-18,16:00,4.5369
2025-01-18,17:00,6.0511
2025-01-18,18:00,6.7862
2025-01-18,19:00,-2.3098
2025-01-18,20:00,35.6636
2025-01-18,21:00,1.3334
2025-01-18,22:00,-0.1715
2025-01-18,23:00,1.8334
2025-01-19,00:00,3.3476
2025-01-19,01:00,4.8518
2025-01-19,02:00,7.9776
2025-01-19,03:00,10.3097
2025-01-19,04:00,12.9601
2025-01-19,05:00,17.4478
2025-01-19,06:00,23.3419
2025-01-19,07:00,-0.6759
2025-01-19,08:00,17.2709
2025-01-19,09:00,4.7281
2025-01-19,10:00,16.8197
2025-01-19,11:00,8.8926
2025-01-19,12:00,9.9166
2025-01-19,13:00,15.9793
2025-01-19,14:00,6.3727
2025-01-19,15:00,7.062
2025-01-19,16:00,5.2069
2025-01-19,17:00,3.8652
2025-01-19,18:00,5.317
2025-01-19,19:00,4.319
2025-01-19,20:00,2.2462
2025-01-19,21:00,1.7218
2025-01-19,22:00,-1.5577
2025-01-19,23:00,1.4334
2025-01-20,00:00,2.9019
2025-01-20,02:00,10.8214
2025-01-20,03:00,4.6664
2025-01-20,04:00,15.7701
2025-01-20,05:00,29.7746
2025-01-20,06:00,18.6996
2025-01-20,07:00,20.9127
2025-01-20,08:00,19.1114
2025-01-20,09:00,9.3422
2025-01-20,10:00,15.9988
2025-01-20,11:00,22.6732
2025-01-20,12:00,16.6051
2025-01-20,13:00,9.2399
2025-01-20,14:00,16.4841
2025-01-20,15:00,12.5368
2025-01-20,16:00,11.5668
2025-01-20,17:00,5.021
2025-01-20,18:00,3.2268
2025-01-20,19:00,3.3028
2025-01-20,20:00,2.131
2025-01-20,21:00,2.0319
2025-01-20,22:00,1.366
2025-01-20,23:00,2.0994
2025-01-21,00:00,2.6875
2025-01-21,01:00,4.2751
2025-01-21,02:00,7.8621
2025-01-21,03:00,11.9618
2025-01-21,04:00,11.9067
2025-01-21,05:00,14.5177
2025-01-21,06:00,21.4763
2025-01-21,07:00,23.7005
2025-01-21,08:00,25.7412
2025-01-21,09:00,26.403
2025-01-21,11:00,7.6634
2025-01-21,12:00,18.4927
2025-01-21,13:00,26.3854
2025-01-21,14:00,17.1043
2025-01-21,15:00,6.9313
2025-01-21,16:00,14.1347
2025-01-21,17:00,10.8275
2025-01-21,18:00,3.4449
2025-01-21,19:00,3.9494
2025-01-21,20:00,5.2053
2025-01-21,21:00,2.4163
2025-01-21,22:00,2.5452
2025-01-21,23:00,2.4215
2025-01-22,00:00,3.2073
2025-01-22,01:00,1.4839
2025-01-22,02:00,12.6764
2025-01-22,03:00,7.6672
2025-01-22,04:00,13.359
2025-01-22,05:00,10.4059
2025-01-22,06:00,20.9649
2025-01-22,07:00,33.1707
2025-01-22,08:00,30.4298
2025-01-22,09:00,41.5779
2025-01-22,11:00,17.1571
2025-01-22,12:00,8.2651
2025-01-22,13:00,10.6956
2025-01-22,14:00,21.1526
2025-01-22,15:00,9.4972
2025-01-22,16:00,5.089
2025-01-22,17:00,33.0299
2025-01-22,18:00,14.098
2025-01-22,19:00,-3.2086
2025-01-22,20:00,3.0982
2025-01-22,21:00,5.2756
2025-01-22,22:00,2.2074
2025-01-22,23:00,3.2919
2025-01-23,00:00,2.5821
2025-01-23,01:00,4.3697
2025-01-23,02:00,9.2401
2025-01-23,03:00,6.4752
2025-01-23,04:00,11.7943
2025-01-23,05:00,16.8767
2025-01-23,06:00,22.9991
2025-01-23,07:00,26.3933
2025-01-23,08:00,27.0205
2025-01-23,09:00,22.279
2025-01-23,10:00,25.1073
2025-01-23,11:00,11.761
2025-01-23,12:00,18.171
2025-01-23,13:00,10.064
2025-01-23,14:00,13.236
2025-01-23,15:00,12.5825
2025-01-23,16:00,7.9999
2025-01-23,17:00,6.5721
2025-01-23,18:00,-2.2548
2025-01-23,19:00,4.7711
2025-01-23,20:00,2.6408
2025-01-23,21:00,3.1108
2025-01-23,22:00,2.9835
2025-01-23,23:00,2.1294
2025-01-24,01:00,-68369.4462
2025-01-24,02:00,-52065.4917
2025-01-24,03:00,-879607.1741
2025-01-24,04:00,-532385.2633
2025-01-24,05:00,-224294.4175
2025-01-24,06:00,-77591.1666
2025-01-24,07:00,417219.7222
2025-01-24,08:00,267572.8172
2025-01-24,09:00,-922090.0804
2025-01-24,10:00,-148368.4712
2025-01-24,11:00,2065402.1142
2025-01-24,12:00,232722.959
2025-01-24,13:00,52333.5461
2025-01-24,14:00,873603.9929
2025-01-24,15:00,-805708.7073
2025-01-24,16:00,676110.8675
2025-01-24,17:00,86118.6336
2025-01-24,18:00,-405444.7155
2025-01-24,19:00,-648363.3666
2025-01-24,20:00,-2856474.4533
2025-01-24,21:00,-286424.5461
2025-01-24,22:00,255253.9858
2025-01-24,23:00,282146.2677
2025-01-25,01:00,-83300.7412
2025-01-25,02:00,-156955.2688
2025-01-25,03:00,-22235.9999
2025-01-25,04:00,107732.3266
2025-01-25,05:00,-22956.064
2025-01-25,06:00,-40493.3886
2025-01-25,07:00,327819.088
2025-01-25,08:00,137238.0072
2025-01-25,09:00,-137973.954
2025-01-25,10:00,-60610.9655
2025-01-25,11:00,1683796.867
2025-01-25,12:00,-199342.7276
2025-01-25,13:00,-133734.7598
2025-01-25,14:00,-385471.1156
2025-01-25,15:00,859737.4905
2025-01-25,16:00,4178.9108
2025-01-25,17:00,200981.8975
2025-01-25,18:00,-729982.1169
2025-01-25,19:00,142661.7739
2025-01-25,20:00,132578.7412
2025-01-25,21:00,-68684.7787
2025-01-25,22:00,31091.8476
2025-01-25,23:00,10771.6957
2025-01-26,01:00,188942.0256
2025-01-26,02:00,-109932.2214
2025-01-26,03:00,-155754.1445
2025-01-26,04:00,231908.6981
2025-01-26,05:00,90615.735
2025-01-26,06:00,-176986.5375
2025-01-26,07:00,488777.9128
2025-01-26,08:00,485505.5385
2025-01-26,09:00,-29278.8453
2025-01-26,10:00,-268200.8712
2025-01-26,11:00,1096740.1436
2025-01-26,12:00,85646.7368
2025-01-26,13:00,-563614.4971
2025-01-26,14:00,-276564.7616
2025-01-26,15:00,-48363.7551
2025-01-26,16:00,416656.0737
2025-01-26,17:00,505342.6789
2025-01-26,18:00,3978.3297
2025-01-26,19:00,-297406.7496
2025-01-26,20:00,-185412.5774
2025-01-26,21:00,-203331.4717
2025-01-26,22:00,28706.8256
2025-01-26,23:00,45704.9826
2025-01-27,01:00,-156503.6531
2025-01-27,02:00,1604.3754
2025-01-27,03:00,207698.553
2025-01-27,04:00,113361.9945
2025-01-27,05:00,-114769.5728
2025-01-27,06:00,363936.0559
2025-01-27,07:00,-135612.2521
2025-01-27,08:00,11252.835
2025-01-27,09:00,-57096.993
2025-01-27,10:00,-19143.3221
2025-01-27,11:00,1653167.9366
2025-01-27,12:00,-168029.4982
2025-01-27,13:00,-746305.2733
2025-01-27,14:00,-376640.9486
2025-01-27,15:00,-21252.509
2025-01-27,16:00,78508.63
2025-01-27,17:00,1083371.8421
2025-01-27,18:00,-247921.1678
2025-01-27,19:00,313776.9885
2025-01-27,20:00,22499.1443
2025-01-27,21:00,62211.4383
2025-01-27,22:00,54765.4202
2025-01-27,23:00,-69815.067
2025-01-28,01:00,-28910.4854
2025-01-28,02:00,-302.3094
2025-01-28,03:00,-21924.7381
2025-01-28,04:00,244186.2629
2025-01-28,05:00,-161882.3334
2025-01-28,06:00,118566.7965
2025-01-28,07:00,169367.3169
2025-01-28,08:00,215723.5412
2025-01-28,09:00,-412050.409
2025-01-28,10:00,692657.8189
2025-01-28,11:00,43282.8391
2025-01-28,12:00,43935.9819
2025-01-28,13:00,-903040.29
2025-01-28,14:00,-33550.5233
2025-01-28,15:00,-184358.3191
2025-01-28,16:00,-391879.8139
2025-01-28,17:00,-4704.3062
2025-01-28,18:00,-569127.4268
2025-01-28,19:00,-202024.923
2025-01-28,20:00,-669212.8059
2025-01-28,21:00,-29966.5994
2025-01-28,22:00,1044.3424
2025-01-28,23:00,-47623.922
2025-01-29,01:00,-127002.2809
2025-01-29,02:00,50451.7967
2025-01-29,03:00,-58059.6015
2025-01-29,04:00,137592.5518
2025-01-29,05:00,-111341.094
2025-01-29,06:00,39454.3092
2025-01-29,07:00,288886.8738
2025-01-29,08:00,161808.173
2025-01-29,09:00,-452254.9981
2025-01-29,10:00,236517.7724
2025-01-29,11:00,-338505.9405
2025-01-29,12:00,-339295.7993
2025-01-29,13:00,-1050309.8372
2025-01-29,14:00,-115778.8514
2025-01-29,15:00,304952.6209
2025-01-29,16:00,-203803.9922
2025-01-29,17:00,356428.8888
2025-01-29,18:00,253812.1056
2025-01-29,19:00,-11755.8136
2025-01-29,20:00,-221859.0282
2025-01-29,21:00,176896.2528
2025-01-29,22:00,20221.0682
2025-01-29,23:00,-28248.2326
2025-01-30,01:00,-84822.1613
2025-01-30,02:00,-192185.6926
2025-01-30,03:00,135050.1676
2025-01-30,04:00,199266.8437
2025-01-30,05:00,-25892.202
2025-01-30,06:00,5677.558
2025-01-30,07:00,-147226.8377
2025-01-30,08:00,250237.6316
2025-01-30,09:00,-188197.4611
2025-01-30,10:00,346179.3825
2025-01-30,11:00,-667592.9486
2025-01-30,12:00,352333.4213
2025-01-30,13:00,-438611.3544
2025-01-30,14:00,216878.1351
2025-01-30,15:00,-248407.5717
2025-01-30,16:00,-31154.3501
2025-01-30,17:00,114623.174
2025-01-30,18:00,-2652405.421
2025-01-30,19:00,404451.6792
2025-01-30,20:00,-9525.065
2025-01-30,21:00,116407.9276
2025-01-30,22:00,70274.0402
2025-01-30,23:00,-81464.2751
2025-01-31,01:00,-23757.9468
2025-01-31,02:00,59294.0667
2025-01-31,03:00,-220655.458
2025-01-31,04:00,-138393.6405
2025-01-31,05:00,-64706.372
2025-01-31,06:00,226173.757
2025-01-31,07:00,188009.2055
2025-01-31,08:00,415918.5613
2025-01-31,09:00,-552356.0122
2025-01-31,10:00,730546.6507
2025-01-31,11:00,7759.9228
2025-01-31,12:00,214179.2032
2025-01-31,13:00,-714228.1599
2025-01-31,14:00,610371.7286
2025-01-31,15:00,223395.199
2025-01-31,16:00,-409088.4306
2025-01-31,17:00,893681.3897
2025-01-31,18:00,-2806005.3054
2025-01-31,19:00,-283362.6228
2025-01-31,20:00,-313374.3072
2025-01-31,21:00,119723.9721
2025-01-31,22:00,-63372.5884
2025-01-31,23:00,5025.0034
2025-02-01,01:00,-119346.607
2025-02-01,02:00,-810.1036
2025-02-01,03:00,-66336.9527
2025-02-01,04:00,5531.5519
2025-02-01,05:00,-178056.0731
2025-02-01,06:00,36929.4534
2025-02-01,07:00,226992.3755
2025-02-01,08:00,175425.9021
2025-02-01,09:00,-545062.523
2025-02-01,10:00,300082.389
2025-02-01,11:00,-528277.4223
2025-02-01,12:00,-428804.6055
2025-02-01,13:00,-1070065.441
2025-02-01,14:00,-15807.9032
2025-02-01,16:00,-268571.1256
2025-02-01,17:00,-47678.3331
2025-02-01,18:00,-1389643.143
2025-02-01,19:00,582331.641
2025-02-01,20:00,-461205.825
2025-02-01,21:00,107968.5255
2025-02-01,22:00,-63135.9425
2025-02-01,23:00,-67736.1761
2025-02-02,01:00,15288.2229
2025-02-02,02:00,-82687.4261
2025-02-02,03:00,-151745.1159
2025-02-02,04:00,1288784.7064
2025-02-02,05:00,-134551.1074
2025-02-02,06:00,12915.3841
2025-02-02,07:00,228564.3841
2025-02-02,08:00,-431500.7702
2025-02-02,09:00,178669.1547
2025-02-02,10:00,494643.8862
2025-02-02,11:00,-162131.9633
2025-02-02,12:00,-744272.335
2025-02-02,13:00,-1930528.9968
2025-02-02,14:00,805529.9971
2025-02-02,16:00,-92479.7152
2025-02-02,17:00,-462334.626
2025-02-02,18:00,-1542496.6163
2025-02-02,19:00,-158854.089
2025-02-02,20:00,252127.4652
2025-02-02,21:00,64754.8693
2025-02-02,22:00,70775.2898
2025-02-02,23:00,-58574.3077
2025-02-03,01:00,-52001.858
2025-02-03,02:00,-49775.853
2025-02-03,03:00,-1451135.8582
2025-02-03,04:00,-944119.1625
2025-02-03,05:00,-264498.0505
2025-02-03,06:00,-226651.8466
2025-02-03,07:00,-63068.8239
2025-02-03,08:00,-565172.3407
2025-02-03,09:00,-742934.2918
2025-02-03,10:00,504788.0478
2025-02-03,11:00,979254.7655
2025-02-03,12:00,-520876.9944
2025-02-03,13:00,-6664351.3095
2025-02-03,14:00,259933.2344
2025-02-03,15:00,677178.3314
2025-02-03,16:00,-681932.7025
2025-02-03,17:00,7991372.6278
2025-02-03,18:00,-1103135.0768
2025-02-03,19:00,-1927425.954
2025-02-03,20:00,-395051.4675
2025-02-03,21:00,-196253.6047
2025-02-03,22:00,158399.9555
2025-02-03,23:00,155273.926
2025-02-04,01:00,-19228.4402
2025-02-04,02:00,-24877.8828
2025-02-04,03:00,-279090.0355
2025-02-04,04:00,182239.6529
2025-02-04,05:00,124476.8159
2025-02-04,06:00,893773.2818
2025-02-04,07:00,-44818.6475
2025-02-04,08:00,-499352.1526
2025-02-04,09:00,1177429.963
2025-02-04,10:00,1299968.1591
2025-02-04,11:00,-227068.5065
2025-02-04,12:00,91023.5402
2025-02-04,13:00,172593.1294
2025-02-04,14:00,-223547.7597
2025-02-04,15:00,398589.2155
2025-02-04,16:00,-273515.3783
2025-02-04,17:00,-501687.0906
2025-02-04,18:00,-380368.7066
2025-02-04,19:00,384281.3115
2025-02-04,20:00,249792.4873
2025-02-04,21:00,111557.4671
2025-02-04,22:00,91433.0493
2025-02-04,23:00,-20217.2542
2025-02-05,01:00,-1966392.0766
2025-02-05,02:00,120112.4233
2025-02-05,03:00,-1137770.8729
2025-02-05,04:00,-691898.3659
2025-02-05,05:00,-394189.078
2025-02-05,06:00,248979.4729
2025-02-05,07:00,55310.3034
2025-02-05,08:00,-1347727.0887
2025-02-05,10:00,296715.2059
2025-02-05,11:00,745085.9398
2025-02-05,12:00,-100647.6084
2025-02-05,13:00,-2546881.3899
2025-02-05,14:00,-979385.1593
2025-02-05,15:00,-729786.2582
2025-02-05,16:00,-1231116.9075
2025-02-05,17:00,-6290863.8094
2025-02-05,18:00,642074.7753
2025-02-05,19:00,-69273.514
2025-02-05,20:00,-143636.3039
2025-02-05,21:00,-169105.0669
2025-02-05,22:00,283697.8361
2025-02-05,23:00,26084.4023
2025-02-06,01:00,-825244.4892
2025-02-06,02:00,-332813.158
2025-02-06,03:00,-758709.7883
2025-02-06,04:00,-539295.1012
2025-02-06,05:00,-232118.4022
2025-02-06,06:00,140574.4014
2025-02-06,07:00,17656.3193
2025-02-06,08:00,-1083049.101
2025-02-06,10:00,921743.8834
2025-02-06,11:00,472076.068
2025-02-06,12:00,354622.2135
2025-02-06,13:00,-416590.0177
2025-02-06,14:00,-1205933.2375
2025-02-06,15:00,286939.2435
2025-02-06,16:00,-708304.9243
2025-02-06,17:00,-488698.4427
2025-02-06,18:00,-698746.1092
2025-02-06,19:00,582143.9842
2025-02-06,20:00,-300955.5129
2025-02-06,21:00,52168.8696
2025-02-06,22:00,93175.4336
2025-02-06,23:00,154686.6184
2025-02-07,01:00,-615005.4713
2025-02-07,02:00,-846885.4258
2025-02-07,03:00,446303.2034
2025-02-07,04:00,-885311.5074
2025-02-07,05:00,-397992.3387
2025-02-07,06:00,414153.1691
2025-02-07,07:00,802269.1872
2025-02-07,08:00,-1298509.3963
2025-02-07,09:00,1045816.9205
2025-02-07,10:00,1923738.5992
2025-02-07,11:00,42757.8605
2025-02-07,12:00,182202.9784
2025-02-07,13:00,3156675.1416
2025-02-07,14:00,261478.7009
2025-02-07,15:00,486084.8204
2025-02-07,16:00,1384343.0666
2025-02-07,17:00,-287973.7158
2025-02-07,18:00,201507.1072
2025-02-07,19:00,2422394.9786
2025-02-07,20:00,-700785.7077
2025-02-07,21:00,124179.5514
2025-02-07,22:00,-6637.621
2025-02-07,23:00,154321.0692
2025-02-08,01:00,-142988.353
2025-02-08,02:00,-622212.5641
2025-02-08,03:00,1099749.8535
2025-02-08,04:00,161336.3546
2025-02-08,05:00,-470581.1655
2025-02-08,06:00,391975.5181
2025-02-08,07:00,157138.3763
2025-02-08,08:00,-1113383.8259
2025-02-08,09:00,90651.0579
2025-02-08,10:00,1315986.2653
2025-02-08,11:00,898805.879
2025-02-08,12:00,-428553.3291
2025-02-08,13:00,1299826.8574
2025-02-08,14:00,-2062640.5116
2025-02-08,15:00,-155772.8789
2025-02-08,16:00,-197131.6315
2025-02-08,17:00,213810.8803
2025-02-08,18:00,-382691.8889
2025-02-08,19:00,-545946.5181
2025-02-08,20:00,-176185.7924
2025-02-08,21:00,219981.9297
2025-02-08,22:00,109153.0339
2025-02-08,23:00,80282.0489
2025-02-09,01:00,-154805.8301
2025-02-09,02:00,-676797.7998
2025-02-09,03:00,-71483.9077
2025-02-09,04:00,75848.0196
2025-02-09,05:00,-321070.873
2025-02-09,06:00,304611.1551
2025-02-09,07:00,505476.1168
2025-02-09,08:00,-2059986.378
2025-02-09,09:00,-18783579.2364
2025-02-09,10:00,2801704.3991
2025-02-09,11:00,333090.0942
2025-02-09,12:00,528423.9853
2025-02-09,13:00,647574.3482
2025-02-09,14:00,-614425.5674
2025-02-09,15:00,248397.6609
2025-02-09,16:00,-5248835.1741
2025-02-09,17:00,-3070556.7028
2025-02-09,18:00,-281221.4967
2025-02-09,19:00,474628.4942
2025-02-09,20:00,-553138.9853
2025-02-09,21:00,-146550.8724
2025-02-09,22:00,138792.3391
2025-02-09,23:00,203368.3808
2025-02-10,01:00,-3645.1652
2025-02-10,02:00,-179.2459
2025-02-10,03:00,-385.4407
2025-02-10,04:00,6423.9593
2025-02-10,05:00,33258.8651
2025-02-10,06:00,-144387.3945
2025-02-10,07:00,1724.7305
2025-02-10,08:00,9877.0925
2025-02-10,09:00,62301.4903
2025-02-10,10:00,-1883.5901
2025-02-10,11:00,4589.7288
2025-02-10,12:00,-1894.2288
2025-02-10,13:00,2766.0133
2025-02-10,14:00,599.1238
2025-02-10,15:00,7973.7001
2025-02-10,16:00,11142.57
2025-02-10,17:00,5845.2832
2025-02-10,18:00,1580.0319
2025-02-10,19:00,3814.5687
2025-02-10,20:00,-2945.317
2025-02-10,21:00,-28.2291
2025-02-10,22:00,8295.1334
2025-02-10,23:00,20632.4001
2025-02-11,01:00,-1514546.2975
2025-02-11,02:00,100883.9188
2025-02-11,03:00,1825290.0069
2025-02-11,04:00,-187970.264
2025-02-11,05:00,415623.2465
2025-02-11,06:00,612200.5588
2025-02-11,07:00,471126.0798
2025-02-11,08:00,-24532.6269
2025-02-11,09:00,482230.2658
2025-02-11,10:00,1874452.2315
2025-02-11,11:00,-21825.0177
2025-02-11,12:00,-793224.1975
2025-02-11,13:00,523820.0339
2025-02-11,14:00,-593328.5438
2025-02-11,15:00,-370957.9526
2025-02-11,16:00,694649.9922
2025-02-11,17:00,-3967023.4434
2025-02-11,18:00,-193704.5845
2025-02-11,19:00,831580.7606
2025-02-11,20:00,-70013.0551
2025-02-11,21:00,153256.9811
2025-02-11,22:00,15715.65
2025-02-11,23:00,-171008.5876
2025-02-12,01:00,125273.9897
2025-02-12,02:00,-620606.3632
2025-02-12,03:00,92331.2587
2025-02-12,04:00,66602.3905
2025-02-12,05:00,690712.8855
2025-02-12,06:00,647913.2183
2025-02-12,07:00,-335969.5735
2025-02-12,08:00,-619662.1788
2025-02-12,09:00,834823.1328
2025-02-12,10:00,-268113.7628
2025-02-12,11:00,129651.4991
2025-02-12,12:00,-943365.0293
2025-02-12,13:00,-182071.4085
2025-02-12,14:00,-624176.8516
2025-02-12,15:00,-1083658.2096
2025-02-12,16:00,-271975.0234
2025-02-12,17:00,-4525995.2759
2025-02-12,18:00,269910.9456
2025-02-12,19:00,-1642462.443
2025-02-12,20:00,116771.2316
2025-02-12,21:00,11175.1303
2025-02-12,22:00,99390.3369
2025-02-12,23:00,-273693.9421
2025-02-13,01:00,163585.4899
2025-02-13,02:00,-295391.475
2025-02-13,03:00,-24057.4676
2025-02-13,04:00,193959.9681
2025-02-13,05:00,144445.4259
2025-02-13,06:00,666142.1731
2025-02-13,07:00,-254477.7789
2025-02-13,08:00,-769344.8293
2025-02-13,09:00,297023.3324
2025-02-13,10:00,-298305.0676
2025-02-13,11:00,-676288.9186
2025-02-13,12:00,-1151753.9048
2025-02-13,13:00,120668.0921
2025-02-13,14:00,-373348.136
2025-02-13,15:00,46659.6269
2025-02-13,16:00,723370.731
2025-02-13,17:00,-4804545.1045
2025-02-13,18:00,546846.7055
2025-02-13,19:00,-1938172.6039
2025-02-13,20:00,269349.5212
2025-02-13,21:00,49708.6587
2025-02-13,22:00,81460.5026
2025-02-13,23:00,14747.0374
2025-02-14,01:00,20487.9686
2025-02-14,02:00,-908506.1598
2025-02-14,03:00,-654900.9104
2025-02-14,04:00,32662.8264
2025-02-14,05:00,-103921.7373
2025-02-14,06:00,385319.4193
2025-02-14,07:00,202310.8066
2025-02-14,08:00,-468158.3192
2025-02-14,09:00,71549.0963
2025-02-14,10:00,-376869.9433
2025-02-14,11:00,168538.358
2025-02-14,12:00,-2525589.5281
2025-02-14,13:00,-236920.4078
2025-02-14,14:00,710894.9144
2025-02-14,15:00,-476774.2859
2025-02-14,16:00,-1456395.999
2025-02-14,17:00,-6347507.1807
2025-02-14,18:00,-817651.3565
2025-02-14,19:00,-1914307.9472
2025-02-14,20:00,-55107.8702
2025-02-14,21:00,123618.8739
2025-02-14,22:00,-29842.4193
2025-02-14,23:00,-264769.7256
2025-02-15,01:00,-541.5826
2025-02-15,02:00,-2425.053
2025-02-15,03:00,3463.2001
2025-02-15,04:00,22093.2644
2025-02-15,05:00,-339217.3631
2025-02-15,06:00,343215.139
2025-02-15,07:00,530417.1649
2025-02-15,08:00,-43281.0018
2025-02-15,09:00,-31480.5934
2025-02-15,10:00,-1010.0321
2025-02-15,11:00,26310.0493
2025-02-15,12:00,-10645.1275
2025-02-15,13:00,-4621.4222
2025-02-15,14:00,2122.6292
2025-02-15,15:00,-11233.2648
2025-02-15,16:00,-2335.0246
2025-02-15,17:00,-22615.0146
2025-02-15,18:00,5278.9625
2025-02-15,19:00,1345.6164
2025-02-15,20:00,62.4071
2025-02-15,21:00,-482.8381
2025-02-15,22:00,-11666.571
2025-02-15,23:00,-19103.9372
2025-02-16,01:00,-43700.7603
2025-02-16,02:00,-1711365.2582
2025-02-16,03:00,2249639.3676
2025-02-16,04:00,37669.9236
2025-02-16,05:00,75521.3991
2025-02-16,06:00,264878.1971
2025-02-16,07:00,98851.9176
2025-02-16,08:00,-608004.3449
2025-02-16,09:00,483556.609
2025-02-16,10:00,-677648.6911
2025-02-16,11:00,-2358678.3564
2025-02-16,12:00,-3045288.7478
2025-02-16,13:00,730273.1042
2025-02-16,15:00,-469861.4848
2025-02-16,16:00,-261027.4316
2025-02-16,17:00,-413736.5013
2025-02-16,18:00,-585565.4054
2025-02-16,19:00,1703568.3585
2025-02-16,20:00,-264491.7427
2025-02-16,21:00,181396.7253
2025-02-16,22:00,-61357.867
2025-02-16,23:00,152741.8536
2025-02-17,01:00,-11284.8803
2025-02-17,02:00,-92000.3717
2025-02-17,03:00,14735.1221
2025-02-17,04:00,-175446.5701
2025-02-17,05:00,-219548.1971
2025-02-17,06:00,290814.642
2025-02-17,07:00,509992.4988
2025-02-17,08:00,612899.3407
2025-02-17,09:00,770496.2607
2025-02-17,10:00,-155676.349
2025-02-17,11:00,-506902.8009
2025-02-17,12:00,-282366.4211
2025-02-17,13:00,429660.3369
2025-02-17,15:00,-28794.724
2025-02-17,16:00,443602.5916
2025-02-17,17:00,-1118623.6866
2025-02-17,18:00,-6495.6339
2025-02-17,19:00,125609.26
2025-02-17,20:00,-128755.5021
2025-02-17,21:00,-43252.5166
2025-02-17,22:00,-91851.2894
2025-02-18,01:00,-84563.345
2025-02-18,02:00,-399215.5085
2025-02-18,03:00,179131.818
2025-02-18,04:00,-70358.0181
2025-02-18,05:00,103354.1696
2025-02-18,06:00,357654.2468
2025-02-18,07:00,-272934.3599
2025-02-18,08:00,2816704.4132
2025-02-18,09:00,1026739.7341
2025-02-18,10:00,-240421.61
2025-02-18,11:00,1487963.3318
2025-02-18,12:00,-239535.5538
2025-02-18,13:00,434407.4418
2025-02-18,14:00,80638.0655
2025-02-18,15:00,227868.6911
2025-02-18,16:00,420121.4179
2025-02-18,17:00,-800025.3407
2025-02-18,18:00,342035.4027
2025-02-18,19:00,183241.5099
2025-02-18,20:00,80141.9095
2025-02-18,21:00,97299.2871
2025-02-18,22:00,-187652.6509
2025-02-18,23:00,-115232.2543
2025-02-19,01:00,515107.5211
2025-02-19,02:00,-15666.0444
2025-02-19,03:00,-5769960.7082
2025-02-19,04:00,-306529.7052
2025-02-19,05:00,585062.1567
2025-02-19,06:00,-392021.4108
2025-02-19,07:00,319418.1122
2025-02-19,08:00,3479939.3206
2025-02-19,09:00,-2093509.6176
2025-02-19,10:00,18458.4732
2025-02-19,11:00,-228732.4064
2025-02-19,12:00,2993927.8439
2025-02-19,13:00,9836017.9427
2025-02-19,14:00,-441341.0849
2025-02-19,15:00,-711731.544
2025-02-19,16:00,-2250956.711
2025-02-19,17:00,845280.0645
2025-02-19,18:00,-1489245.9025
2025-02-19,19:00,1035654.4079
2025-02-19,20:00,54002.7697
2025-02-19,21:00,113286.5177
2025-02-19,22:00,-144607.8243
2025-02-19,23:00,-20655.4721
2025-02-20,01:00,54948.0106
2025-02-20,02:00,515677.1482
2025-02-20,03:00,43805.2683
2025-02-20,04:00,-245678.879
2025-02-20,05:00,670400.2198
2025-02-20,06:00,423924.702
2025-02-20,07:00,-1259949.4702
2025-02-20,08:00,-5653066.6479
2025-02-20,09:00,1267718.9495
2025-02-20,10:00,592489.9939
2025-02-20,11:00,-14794.7106
2025-02-20,12:00,-72274.3126
2025-02-20,13:00,1940064.2169
2025-02-20,14:00,-1856895.5232
2025-02-20,15:00,-8886303.4412
2025-02-20,16:00,-1048846.6631
2025-02-20,17:00,-10935203.0241
2025-02-20,18:00,5565235.4307
2025-02-20,19:00,580073.9768
2025-02-20,20:00,-3647239.4398
2025-02-20,21:00,390273.3264
2025-02-20,22:00,-46068.8915
2025-02-20,23:00,-37986.54
2025-02-21,01:00,25254.4568
2025-02-21,02:00,-63360.3723
2025-02-21,03:00,-141182.0051
2025-02-21,04:00,-115312.7433
2025-02-21,05:00,158203.4313
2025-02-21,06:00,417282.0707
2025-02-21,07:00,-54169.2199
2025-02-21,09:00,308910.9359
2025-02-21,10:00,5761.4769
2025-02-21,11:00,125796.8978
2025-02-21,12:00,691178.2891
2025-02-21,13:00,-313885.8757
2025-02-21,14:00,934033.8781
2025-02-21,15:00,-424806.8956
2025-02-21,16:00,-47835.8302
2025-02-21,17:00,127985.4305
2025-02-21,18:00,9471.0099
2025-02-21,19:00,-204659.0312
2025-02-21,20:00,64555.3161
2025-02-21,21:00,-49023.9365
2025-02-21,22:00,-58194.5233
2025-02-21,23:00,-44852.9852
2025-02-22,01:00,-140422.6623
2025-02-22,02:00,1118701.9899
2025-02-22,03:00,-138349.5729
2025-02-22,04:00,-33709.7334
2025-02-22,05:00,191779.3889
2025-02-22,06:00,172080.4813
2025-02-22,07:00,-10511.8914
2025-02-22,08:00,773051.8154
2025-02-22,09:00,1346615.0172
2025-02-22,10:00,-178302.384
2025-02-22,11:00,164459.6501
2025-02-22,12:00,69455.5944
2025-02-22,13:00,20774.5363
2025-02-22,14:00,656003.0899
2025-02-22,15:00,-270995.7261
2025-02-22,16:00,55276.9922
2025-02-22,17:00,17020.7566
2025-02-22,18:00,474617.3156
2025-02-22,19:00,-191536.4375
2025-02-22,20:00,80212.8463
2025-02-22,21:00,-164258.6358
2025-02-22,22:00,-60819.6965
2025-02-22,23:00,-75681.7182
2025-02-23,01:00,28357.342
2025-02-23,02:00,-245365.5843
2025-02-23,03:00,256159.0966
2025-02-23,04:00,-34361.4181
2025-02-23,05:00,158204.9446
2025-02-23,06:00,107636.9309
2025-02-23,07:00,-331564.3557
2025-02-23,08:00,505436.6521
2025-02-23,09:00,1893351.3041
2025-02-23,10:00,-253786.4962
2025-02-23,11:00,371799.2532
2025-02-23,12:00,-265522.9683
2025-02-23,13:00,-32195.625
2025-02-23,14:00,-1379260.932
2025-02-23,15:00,273952.2542
2025-02-23,16:00,-338491.4878
2025-02-23,17:00,-162308.1187
2025-02-23,18:00,-491274.4266
2025-02-23,19:00,-402723.5685
2025-02-23,20:00,-28735.7151
2025-02-23,21:00,-4411.0779
2025-02-23,22:00,-202236.6422
2025-02-23,23:00,54513.6592
2025-02-24,01:00,127549.7554
2025-02-24,02:00,-475979.7919
2025-02-24,03:00,26168.1668
2025-02-24,04:00,-167338.1123
2025-02-24,05:00,157998.8353
2025-02-24,06:00,233644.7239
2025-02-24,07:00,788835.1531
2025-02-24,08:00,330101.7315
2025-02-24,09:00,3227519.8839
2025-02-24,10:00,-519929.3287
2025-02-24,11:00,752950.4993
2025-02-24,12:00,-338725.0295
2025-02-24,13:00,344226.9395
2025-02-24,14:00,-705490.3595
2025-02-24,15:00,-412006.2698
2025-02-24,16:00,672285.0604
2025-02-24,17:00,-10218.0504
2025-02-24,18:00,785211.7879
2025-02-24,19:00,-445671.8696
2025-02-24,20:00,-150388.0031
2025-02-24,21:00,69035.8303
2025-02-24,22:00,13492.9352
2025-02-24,23:00,-214833.053
2025-02-25,01:00,-154239.4906
2025-02-25,02:00,160585.5984
2025-02-25,03:00,-223510.6111
2025-02-25,04:00,-68322.6688
2025-02-25,05:00,343127.5269
2025-02-25,06:00,-121520.8053
2025-02-25,07:00,68454.9064
2025-02-25,08:00,594589.0803
2025-02-25,09:00,582859.0161
2025-02-25,10:00,-296769.8784
2025-02-25,11:00,-1140587.3688
2025-02-25,12:00,-479065.1687
2025-02-25,13:00,99946.6466
2025-02-25,14:00,-636676.8517
2025-02-25,15:00,1123918.1208
2025-02-25,16:00,-547453.1205
2025-02-25,17:00,616542.0316
2025-02-25,18:00,-1272682.8586
2025-02-25,19:00,-1082123.9003
2025-02-25,20:00,165002.1513
2025-02-25,21:00,-57945.4586
2025-02-25,22:00,-205822.2007
2025-02-25,23:00,117799.1312
2025-02-26,01:00,48115.9903
2025-02-26,02:00,-462088.4446
2025-02-26,03:00,101536.7309
2025-02-26,04:00,97256.7334
2025-02-26,05:00,43680.6133
2025-02-26,06:00,144195.0412
2025-02-26,07:00,-55975.5751
2025-02-26,08:00,127334.9219
2025-02-26,09:00,294625.6735
2025-02-26,10:00,-369468.0495
2025-02-26,11:00,-773064.8118
2025-02-26,12:00,-203627.5928
2025-02-26,13:00,261760.9398
2025-02-26,14:00,-473973.1105
2025-02-26,15:00,107991.1416
2025-02-26,16:00,-505884.8712
2025-02-26,17:00,1460478.4038
2025-02-26,18:00,-2972304.0343
2025-02-26,19:00,318743.0683
2025-02-26,20:00,-336455.8332
2025-02-26,21:00,-31428.7902
2025-02-26,22:00,-296291.4801
2025-02-26,23:00,38970.5785
2025-02-27,01:00,348778.6092
2025-02-27,02:00,-751410.7303
2025-02-27,03:00,-107976.2275
2025-02-27,04:00,-572486.0063
2025-02-27,05:00,465401.568
2025-02-27,06:00,-162268.2244
2025-02-27,07:00,-406590.8449
2025-02-27,08:00,-361980.5644
2025-02-27,09:00,-641556.2091
2025-02-27,10:00,-1552592.1033
2025-02-27,11:00,1304425.6156
2025-02-27,12:00,-274895.6584
2025-02-27,13:00,202667.4199
2025-02-27,14:00,6276.3169
2025-02-27,15:00,-4161021.0598
2025-02-27,16:00,-247126.5904
2025-02-27,17:00,123403.8301
2025-02-27,18:00,-125567.2224
2025-02-27,19:00,1094191.0841
2025-02-27,20:00,1042089.5517
2025-02-27,21:00,-207911.1537
2025-02-27,22:00,-147162.0721
2025-02-27,23:00,-29327.1273
2025-02-28,01:00,-355787.4898
2025-02-28,02:00,1099201.7734
2025-02-28,03:00,123720.8906
2025-02-28,04:00,806936.0432
2025-02-28,05:00,401633.2747
2025-02-28,06:00,549044.9668
2025-02-28,07:00,-791054.0066
2025-02-28,08:00,306797.4012
2025-02-28,09:00,-718500.3974
2025-02-28,10:00,80027.0027
2025-02-28,11:00,-2879565.9825
2025-02-28,12:00,337011.3986
2025-02-28,13:00,694012.8642
2025-02-28,14:00,-2307727.3442
2025-02-28,15:00,626162.6464
2025-02-28,16:00,-7829044.7096
2025-02-28,17:00,-1162787.9125
2025-02-28,18:00,-2211187.5561
2025-02-28,19:00,-235619.4177
2025-02-28,20:00,34873.4446
2025-02-28,21:00,-241419.6902
2025-02-28,22:00,-238932.7817
2025-02-28,23:00,22328.7587
2025-03-01,01:00,-129692.8108
2025-03-01,02:00,77656.4375
2025-03-01,03:00,-209761.8685
2025-03-01,04:00,-7046.8819
2025-03-01,05:00,90762.4671
2025-03-01,06:00,427725.1675
2025-03-01,07:00,-280818.8534
2025-03-01,08:00,954439.9501
2025-03-01,09:00,-649515.5124
2025-03-01,10:00,-134213.0119
2025-03-01,11:00,-830310.6353
2025-03-01,12:00,-530454.1416
2025-03-01,13:00,178131.9367
2025-03-01,14:00,-508188.4007
2025-03-01,15:00,-8651.9296
2025-03-01,16:00,-6929098.7415
2025-03-01,17:00,589567.7234
2025-03-01,18:00,-552074.6316
2025-03-01,19:00,-586592.5029
2025-03-01,20:00,-239461.9602
2025-03-01,21:00,-159900.3957
2025-03-01,22:00,-150645.291
2025-03-01,23:00,-28863.0634
2025-03-02,01:00,-224737.301
2025-03-02,02:00,-271825.287
2025-03-02,03:00,-91712.6703
2025-03-02,04:00,328623.4475
2025-03-02,05:00,168703.5931
2025-03-02,06:00,793066.5437
2025-03-02,07:00,-99473.1518
2025-03-02,08:00,814126.9016
2025-03-02,09:00,-338198.0885
2025-03-02,10:00,489290.0587
2025-03-02,11:00,-548419.8123
2025-03-02,12:00,996891.3962
2025-03-02,13:00,549227.217
2025-03-02,14:00,24639.0039
2025-03-02,15:00,220425.4672
2025-03-02,16:00,-4485243.7186
2025-03-02,17:00,957064.9549
2025-03-02,18:00,-1138790.6585
2025-03-02,19:00,-996727.7407
2025-03-02,20:00,74304.2567
2025-03-02,21:00,1263.6182
2025-03-02,22:00,-109343.4761
2025-03-02,23:00,-122036.8949
2025-03-03,01:00,4087506.9963
2025-03-03,02:00,411826.2843
2025-03-03,03:00,-398676.8628
2025-03-03,04:00,-87193.9195
2025-03-03,05:00,-712422.8654
2025-03-03,06:00,698577.4648
2025-03-03,07:00,973512.9687
2025-03-03,08:00,-1135049.0947
2025-03-03,09:00,662944.7852
2025-03-03,10:00,1079716.399
2025-03-03,11:00,-4415341.9841
2025-03-03,12:00,-1511503.8749
2025-03-03,13:00,-1363916.0217
2025-03-03,14:00,-483997.2097
2025-03-03,15:00,1011813.9065
2025-03-03,16:00,-2850959.5768
2025-03-03,17:00,6814872.2401
2025-03-03,18:00,982422.4521
2025-03-03,19:00,827163.5626
2025-03-03,20:00,-12299.7168
2025-03-03,21:00,-82482.6562
2025-03-03,22:00,-127912.8233
2025-03-03,23:00,-82658.967
2025-03-04,00:00,2.3338
2025-03-04,01:00,6.2339
2025-03-04,02:00,10.6015
2025-03-04,03:00,11.5888
2025-03-04,04:00,25.303
2025-03-04,05:00,21.4346
2025-03-04,06:00,26.2712
2025-03-04,07:00,1.3616
2025-03-04,08:00,23.5035
2025-03-04,09:00,18.7689
2025-03-04,10:00,26.4902
2025-03-04,11:00,19.2447
2025-03-04,12:00,22.6555
2025-03-04,14:00,12.4568
2025-03-04,15:00,6.0857
2025-03-04,16:00,7.3093
2025-03-04,17:00,6.4475
2025-03-04,18:00,4.6541
2025-03-04,19:00,4.5461
2025-03-04,20:00,3.2982
2025-03-04,21:00,2.5973
2025-03-04,23:00,2.5341
2025-03-05,00:00,3.0505
2025-03-05,01:00,4.7392
2025-03-05,02:00,9.8464
2025-03-05,03:00,15.72
2025-03-05,04:00,8.5467
2025-03-05,05:00,24.6739
2025-03-05,06:00,25.9252
2025-03-05,07:00,24.1414
2025-03-05,08:00,23.3665
2025-03-05,09:00,27.3383
2025-03-05,10:00,22.2655
2025-03-05,11:00,14.049
2025-03-05,12:00,5.6899
2025-03-05,13:00,-12.5969
2025-03-05,14:00,11.3346
2025-03-05,15:00,3.7999
2025-03-05,16:00,10.0864
2025-03-05,17:00,10.8647
2025-03-05,18:00,6.8961
2025-03-05,19:00,7.8778
2025-03-05,20:00,9.2314
2025-03-05,21:00,1.0514
2025-03-05,22:00,2.0855
2025-03-05,23:00,2.3361
2025-03-06,00:00,3.0886
2025-03-06,01:00,3.834
2025-03-06,02:00,9.5659
2025-03-06,03:00,9.4035
2025-03-06,04:00,18.2564
2025-03-06,05:00,21.4911
2025-03-06,06:00,26.2758
2025-03-06,07:00,24.8575
2025-03-06,08:00,24.5104
2025-03-06,09:00,26.4446
2025-03-06,10:00,25.0544
2025-03-06,11:00,17.0268
2025-03-06,12:00,15.5894
2025-03-06,13:00,14.0808
2025-03-06,14:00,5.625
2025-03-06,15:00,17.1093
2025-03-06,16:00,7.2334
2025-03-06,17:00,5.8573
2025-03-06,18:00,5.7613
2025-03-06,19:00,3.1513
2025-03-06,20:00,3.4263
2025-03-06,21:00,2.9565
2025-03-06,22:00,3.0112
2025-03-06,23:00,2.5159
2025-03-07,00:00,3.1479
2025-03-07,01:00,5.059
2025-03-07,02:00,9.9863
2025-03-07,03:00,16.5283
2025-03-07,04:00,22.7329
2025-03-07,05:00,16.6059
2025-03-07,06:00,21.7969
2025-03-07,08:00,23.0268
2025-03-07,09:00,27.087
2025-03-07,10:00,29.4001
2025-03-07,11:00,35.0818
2025-03-07,12:00,3.7262
2025-03-07,13:00,17.882
2025-03-07,14:00,6.7834
2025-03-07,15:00,22.4147
2025-03-07,16:00,9.6283
2025-03-07,17:00,6.8972
2025-03-07,18:00,3.9433
2025-03-07,19:00,6.2372
2025-03-07,20:00,4.6217
2025-03-07,21:00,3.4887
2025-03-07,22:00,2.5136
2025-03-07,23:00,2.3922
2025-03-08,00:00,2.8665
2025-03-08,01:00,6.3973
2025-03-08,02:00,8.6689
2025-03-08,03:00,10.9216
2025-03-08,04:00,16.9213
2025-03-08,05:00,17.6003
2025-03-08,06:00,18.0428
2025-03-08,07:00,15.4171
2025-03-08,08:00,15.0154
2025-03-08,09:00,16.7376
2025-03-08,10:00,9.0462
2025-03-08,11:00,2.6328
2025-03-08,13:00,13.1609
2025-03-08,14:00,4.9492
2025-03-08,15:00,7.3315
2025-03-08,16:00,5.1612
2025-03-08,17:00,-2.0218
2025-03-08,18:00,-1.1634
2025-03-08,19:00,-4.1578
2025-03-08,20:00,-3.5172
2025-03-08,21:00,-9.5881
2025-03-08,22:00,1.7346
2025-03-08,23:00,3.0498
2025-03-09,00:00,3.1833
2025-03-09,01:00,11.3339
2025-03-09,02:00,6.383
2025-03-09,03:00,15.3934
2025-03-09,04:00,18.3917
2025-03-09,05:00,21.322
2025-03-09,06:00,23.8319
2025-03-09,07:00,21.2875
2025-03-09,08:00,7.1592
2025-03-09,09:00,11.1818
2025-03-09,10:00,21.5446
2025-03-09,11:00,13.3007
2025-03-09,12:00,11.0784
2025-03-09,13:00,14.2709
2025-03-09,14:00,10.1333
2025-03-09,15:00,8.0267
2025-03-09,16:00,15.3336
2025-03-09,17:00,6.0099
2025-03-09,18:00,3.4293
2025-03-09,19:00,2.2119
2025-03-09,20:00,3.0252
2025-03-09,21:00,3.3944
2025-03-09,22:00,3.2151
2025-03-09,23:00,1.2701
2025-03-10,00:00,2.9845
2025-03-10,01:00,3.5783
2025-03-10,02:00,8.9494
2025-03-10,03:00,-3.0754
2025-03-10,04:00,15.2172
2025-03-10,05:00,10.6483
2025-03-10,06:00,25.7096
2025-03-10,07:00,15.0923
2025-03-10,08:00,22.2523
2025-03-10,09:00,-58.1838
2025-03-10,10:00,11.2567
2025-03-10,11:00,16.5988
2025-03-10,12:00,13.751
2025-03-10,13:00,12.1566
2025-03-10,14:00,8.3112
2025-03-10,15:00,5.1625
2025-03-10,16:00,6.1705
2025-03-10,17:00,4.7478
2025-03-10,18:00,2.8023
2025-03-10,19:00,18.5411
2025-03-10,20:00,3.3094
2025-03-10,21:00,1.7294
2025-03-10,22:00,2.5282
2025-03-10,23:00,2.089
2025-03-11,00:00,3.177
2025-03-11,01:00,6.536
2025-03-11,02:00,8.1386
2025-03-11,03:00,16.7624
2025-03-11,04:00,17.5222
2025-03-11,05:00,16.8286
2025-03-11,06:00,17.9996
2025-03-11,07:00,22.5988
2025-03-11,08:00,20.9878
2025-03-11,09:00,13.9711
2025-03-11,10:00,6.8165
2025-03-11,11:00,22.8867
2025-03-11,12:00,12.5778
2025-03-11,13:00,7.0767
2025-03-11,14:00,8.9009
2025-03-11,15:00,5.7503
2025-03-11,16:00,5.2231
2025-03-11,17:00,6.4374
2025-03-11,18:00,4.9947
2025-03-11,19:00,4.5237
2025-03-11,20:00,2.9118
2025-03-11,21:00,2.4172
2025-03-11,22:00,1.6355
2025-03-11,23:00,0.9185
2025-03-12,00:00,3.0505
2025-03-12,01:00,4.9683
2025-03-12,02:00,7.4849
2025-03-12,03:00,10.3553
2025-03-12,04:00,15.7032
2025-03-12,05:00,19.9543
2025-03-12,06:00,11.6657
2025-03-12,07:00,17.6259
2025-03-12,08:00,20.5487
2025-03-12,09:00,21.458
2025-03-12,10:00,12.1482
2025-03-12,11:00,8.5747
2025-03-12,12:00,16.2116
2025-03-12,13:00,7.2604
2025-03-12,14:00,8.4699
2025-03-12,15:00,7.3937
2025-03-12,16:00,5.3745
2025-03-12,17:00,5.9778
2025-03-12,18:00,-1.464
2025-03-12,19:00,2.6936
2025-03-12,20:00,2.7307
2025-03-12,21:00,2.7117
2025-03-12,22:00,5.2037
2025-03-12,23:00,2.0281
2025-03-13,00:00,3.0517
2025-03-13,01:00,7.2881
2025-03-13,02:00,13.5996
2025-03-13,03:00,18.124
2025-03-13,04:00,19.8918
2025-03-13,05:00,22.1728
2025-03-13,06:00,32.2075
2025-03-13,07:00,23.1172
2025-03-13,08:00,29.5886
2025-03-13,09:00,27.6852
2025-03-13,10:00,10.2892
2025-03-13,11:00,38.62
2025-03-13,12:00,18.8304
2025-03-13,13:00,8.2284
2025-03-13,14:00,13.4924
2025-03-13,15:00,10.0214
2025-03-13,16:00,1.947
2025-03-13,17:00,5.6151
2025-03-13,18:00,5.8619
2025-03-13,19:00,3.6399
2025-03-13,20:00,0.2494
2025-03-13,21:00,1.4475
2025-03-13,22:00,-0.3258
2025-03-13,23:00,2.7546
2025-03-14,00:00,3.5951
2025-03-14,01:00,4.2761
2025-03-14,02:00,8.3879
2025-03-14,03:00,9.3616
2025-03-14,04:00,18.1164
2025-03-14,05:00,25.565
2025-03-14,06:00,18.8258
2025-03-14,07:00,20.2366
2025-03-14,08:00,15.3865
2025-03-14,09:00,19.115
2025-03-14,10:00,65.6439
2025-03-14,11:00,14.2578
2025-03-14,12:00,17.292
2025-03-14,13:00,13.6836
2025-03-14,14:00,8.767
2025-03-14,15:00,25.0243
2025-03-14,16:00,4.3625
2025-03-14,17:00,4.1448
2025-03-14,18:00,5.7333
2025-03-14,19:00,3.9174
2025-03-14,20:00,1.6621
2025-03-14,21:00,-19.1836
2025-03-14,22:00,1.2745
2025-03-14,23:00,1.9379
2025-03-15,00:00,3.354
2025-03-15,01:00,5.8439
2025-03-15,02:00,9.0707
2025-03-15,03:00,11.3886
2025-03-15,04:00,6.277
2025-03-15,05:00,9.0767
2025-03-15,06:00,22.0758
2025-03-15,07:00,17.3266
2025-03-15,08:00,11.5453
2025-03-15,09:00,-67.4869
2025-03-15,10:00,20.9722
2025-03-15,11:00,17.923
2025-03-15,12:00,13.606
2025-03-15,13:00,11.3991
2025-03-15,14:00,11.4983
2025-03-15,15:00,7.4524
2025-03-15,16:00,5.6777
2025-03-15,17:00,3.3515
2025-03-15,18:00,-6.8195
2025-03-15,19:00,0.5927
2025-03-15,20:00,-6.028
2025-03-15,21:00,3.4393
2025-03-15,22:00,-0.5648
2025-03-15,23:00,1.8194
2025-03-16,00:00,3.0826
2025-03-16,01:00,7.0152
2025-03-16,02:00,11.6928
2025-03-16,03:00,17.2046
2025-03-16,04:00,33.5871
2025-03-16,05:00,28.2373
2025-03-16,06:00,35.4192
2025-03-16,07:00,28.1543
2025-03-16,08:00,34.4679
2025-03-16,09:00,37.6048
2025-03-16,10:00,26.9802
2025-03-16,11:00,12.7957
2025-03-16,12:00,41.6678
2025-03-16,13:00,5.2168
2025-03-16,14:00,16.0859
2025-03-16,15:00,13.0092
2025-03-16,16:00,10.3295
2025-03-16,17:00,0.2392
2025-03-16,18:00,7.8212
2025-03-16,20:00,5.8846
2025-03-16,21:00,4.5453
2025-03-16,22:00,3.7568
2025-03-16,23:00,3.7087
2025-03-17,00:00,3.3759
2025-03-17,01:00,5.8479
2025-03-17,02:00,10.7336
2025-03-17,03:00,14.4886
2025-03-17,04:00,20.4251
2025-03-17,05:00,14.8419
2025-03-17,06:00,26.3137
2025-03-17,07:00,18.1204
2025-03-17,08:00,24.9988
2025-03-17,09:00,24.2026
2025-03-17,11:00,27.2223
2025-03-17,12:00,-194.8751
2025-03-17,13:00,20.8122
2025-03-17,14:00,14.2412
2025-03-17,15:00,8.0691
2025-03-17,16:00,10.2151
2025-03-17,17:00,9.0192
2025-03-17,18:00,-9.3253
2025-03-17,19:00,-13.8075
2025-03-17,20:00,4.5028
2025-03-17,21:00,-4.2114
2025-03-17,22:00,2.8145
2025-03-17,23:00,3.0152
2025-03-18,00:00,3.246
2025-03-18,01:00,6.1577
2025-03-18,02:00,17.07
2025-03-18,03:00,14.4144
2025-03-18,04:00,22.9594
2025-03-18,05:00,24.1847
2025-03-18,06:00,26.5508
2025-03-18,07:00,28.2424
2025-03-18,08:00,30.664
2025-03-18,09:00,40.733
2025-03-18,10:00,21.8902
2025-03-18,11:00,23.3159
2025-03-18,12:00,20.8825
2025-03-18,13:00,21.2927
2025-03-18,14:00,16.8818
2025-03-18,15:00,-1.3512
2025-03-18,16:00,10.0316
2025-03-18,17:00,6.3772
2025-03-18,18:00,7.7475
2025-03-18,19:00,5.8902
2025-03-18,20:00,1.4942
2025-03-18,21:00,3.5615
2025-03-18,22:00,-6.356
2025-03-18,23:00,3.0305
2025-03-19,00:00,3.4355
2025-03-19,01:00,6.2814
2025-03-19,02:00,8.3135
2025-03-19,03:00,14.8689
2025-03-19,04:00,22.1993
2025-03-19,05:00,20.2704
2025-03-19,06:00,15.6026
2025-03-19,07:00,-4.0286
2025-03-19,08:00,20.4511
2025-03-19,09:00,26.096
2025-03-19,10:00,25.7521
2025-03-19,11:00,35.6693
2025-03-19,12:00,18.3447
2025-03-19,13:00,13.7828
2025-03-19,14:00,11.7255
2025-03-19,15:00,13.6584
2025-03-19,16:00,18.4553
2025-03-19,17:00,1.4612
2025-03-19,18:00,4.8413
2025-03-19,19:00,7.8964
2025-03-19,20:00,-13.8385
2025-03-19,22:00,2.9026
2025-03-19,23:00,3.3108
2025-03-20,00:00,3.3455
2025-03-20,01:00,8.138
2025-03-20,03:00,19.6935
2025-03-20,04:00,15.5059
2025-03-20,05:00,22.9502
2025-03-20,06:00,84.3639
2025-03-20,07:00,21.882
2025-03-20,08:00,1.685
2025-03-20,09:00,36.3764
2025-03-20,10:00,10.9701
2025-03-20,11:00,22.1476
2025-03-20,12:00,-30.7737
2025-03-20,13:00,13.9303
2025-03-20,14:00,14.5023
2025-03-20,15:00,4.9453
2025-03-20,16:00,-7.9248
2025-03-20,17:00,-0.7841
2025-03-20,18:00,15.6307
2025-03-20,19:00,4.4301
2025-03-20,20:00,2.714
2025-03-20,21:00,-2.5819
2025-03-20,22:00,3.4547
2025-03-20,23:00,2.323
2025-03-21,00:00,3.261
2025-03-21,01:00,8.9607
2025-03-21,02:00,10.8479
2025-03-21,03:00,16.4512
2025-03-21,04:00,24.56
2025-03-21,05:00,21.6492
2025-03-21,06:00,32.0529
2025-03-21,07:00,21.8665
2025-03-21,08:00,7.7959
2025-03-21,09:00,19.6008
2025-03-21,10:00,-4.2648
2025-03-21,11:00,17.9329
2025-03-21,12:00,40.4255
2025-03-21,13:00,15.9318
2025-03-21,14:00,2.1356
2025-03-21,15:00,11.8631
2025-03-21,16:00,9.4784
2025-03-21,17:00,6.3637
2025-03-21,18:00,-0.6661
2025-03-21,19:00,6.3355
2025-03-21,20:00,2.6456
2025-03-21,21:00,3.4571
2025-03-21,22:00,4.3138
2025-03-21,23:00,3.5323
2025-03-22,00:00,3.6729
2025-03-22,01:00,6.1906
2025-03-22,02:00,13.9112
2025-03-22,03:00,19.4903
2025-03-22,04:00,35.4868
2025-03-22,05:00,25.0497
2025-03-22,07:00,20.7648
2025-03-22,08:00,18.9823
2025-03-22,09:00,32.7653
2025-03-22,10:00,39.8266
2025-03-22,11:00,17.165
2025-03-22,12:00,11.6616
2025-03-22,13:00,13.0732
2025-03-22,14:00,19.9986
2025-03-22,15:00,11.6592
2025-03-22,16:00,-13.3803
2025-03-22,17:00,5.4901
2025-03-22,18:00,26.821
2025-03-22,19:00,3.8544
2025-03-22,20:00,9.211
2025-03-22,21:00,5.1313
2025-03-22,22:00,2.2084
2025-03-22,23:00,2.1427
2025-03-23,00:00,3.2546
2025-03-23,01:00,7.4596
2025-03-23,02:00,15.7172
2025-03-23,03:00,21.9498
2025-03-23,04:00,21.1227
2025-03-23,05:00,27.4024
2025-03-23,06:00,38.1424
2025-03-23,07:00,31.3917
2025-03-23,08:00,17.1844
2025-03-23,09:00,27.3226
2025-03-23,10:00,48.4939
2025-03-23,11:00,53.8376
2025-03-23,12:00,48.0894
2025-03-23,13:00,17.8311
2025-03-23,14:00,24.4996
2025-03-23,15:00,-1.4428
2025-03-23,16:00,11.1922
2025-03-23,17:00,86.8119
2025-03-23,18:00,10.1818
2025-03-23,19:00,5.6372
2025-03-23,20:00,2.763
2025-03-23,21:00,6.8346
2025-03-23,22:00,2.4493
2025-03-23,23:00,1.0092
2025-03-24,00:00,3.2767
2025-03-24,01:00,6.0063
2025-03-24,02:00,11.3183
2025-03-24,03:00,15.663
2025-03-24,04:00,18.6554
2025-03-24,05:00,22.6869
2025-03-24,06:00,26.2802
2025-03-24,07:00,31.9573
2025-03-24,08:00,27.6829
2025-03-24,09:00,27.1736
2025-03-24,10:00,33.4852
2025-03-24,11:00,29.4727
2025-03-24,12:00,24.1566
2025-03-24,13:00,20.858
2025-03-24,14:00,9.6075
2025-03-24,15:00,8.9291
2025-03-24,16:00,8.2913
2025-03-24,17:00,8.763
2025-03-24,18:00,7.3691
2025-03-24,19:00,7.6584
2025-03-24,20:00,4.8332
2025-03-24,21:00,6.4765
2025-03-24,22:00,6.1059
2025-03-24,23:00,2.2886
2025-03-25,00:00,3.5099
2025-03-25,01:00,4.5255
2025-03-25,02:00,11.3071
2025-03-25,03:00,15.9619
2025-03-25,04:00,20.5573
2025-03-25,05:00,23.1584
2025-03-25,06:00,17.6541
2025-03-25,07:00,36.8327
2025-03-25,08:00,24.5594
2025-03-25,09:00,26.0943
2025-03-25,10:00,29.6367
2025-03-25,11:00,9.6867
2025-03-25,12:00,19.7124
2025-03-25,13:00,14.0207
2025-03-25,14:00,10.0119
2025-03-25,15:00,7.9444
2025-03-25,16:00,10.0053
2025-03-25,17:00,7.2495
2025-03-25,18:00,3.0577
2025-03-25,19:00,5.8267
2025-03-25,20:00,2.1203
2025-03-25,21:00,2.1676
2025-03-25,22:00,2.5121
2025-03-25,23:00,0.9939
2025-03-26,00:00,3.4947
2025-03-26,01:00,4.6783
2025-03-26,02:00,9.7754
2025-03-26,03:00,15.5783
2025-03-26,04:00,23.122
2025-03-26,05:00,9.9223
2025-03-26,06:00,31.0988
2025-03-26,07:00,-16.0571
2025-03-26,08:00,28.5776
2025-03-26,09:00,7.2032
2025-03-26,10:00,26.8488
2025-03-26,11:00,2.7616
2025-03-26,12:00,21.9354
2025-03-26,13:00,22.882
2025-03-26,14:00,11.8334
2025-03-26,15:00,9.878
2025-03-26,16:00,-27.9323
2025-03-26,17:00,7.6531
2025-03-26,18:00,11.7527
2025-03-26,19:00,8.1713
2025-03-26,20:00,5.2729
2025-03-26,21:00,4.1236
2025-03-26,22:00,1.8446
2025-03-26,23:00,1.3726
2025-03-27,00:00,3.6789
2025-03-27,01:00,6.6638
2025-03-27,02:00,14.8198
2025-03-27,03:00,-73.1078
2025-03-27,04:00,21.7345
2025-03-27,05:00,37.6709
2025-03-27,06:00,36.8988
2025-03-27,07:00,31.9891
2025-03-27,08:00,20.7935
2025-03-27,09:00,28.4632
2025-03-27,10:00,33.3306
2025-03-27,11:00,24.2794
2025-03-27,12:00,13.5321
2025-03-27,13:00,-1.0819
2025-03-27,14:00,15.0173
2025-03-27,15:00,13.8916
2025-03-27,16:00,0.1583
2025-03-27,17:00,9.1083
2025-03-27,18:00,9.4098
2025-03-27,19:00,16.5789
2025-03-27,20:00,-3.6923
2025-03-27,21:00,3.7055
2025-03-27,22:00,2.1452
2025-03-27,23:00,2.5823
2025-03-28,00:00,3.612
2025-03-28,01:00,7.6601
2025-03-28,02:00,11.7188
2025-03-28,03:00,7.4969
2025-03-28,04:00,22.0179
2025-03-28,05:00,21.0957
2025-03-28,06:00,27.0735
2025-03-28,07:00,21.2731
2025-03-28,08:00,28.2696
2025-03-28,09:00,22.9258
2025-03-28,10:00,19.8631
2025-03-28,11:00,25.1074
2025-03-28,12:00,22.0912
2025-03-28,13:00,12.5615
2025-03-28,14:00,11.1252
2025-03-28,15:00,10.6954
2025-03-28,16:00,8.537
2025-03-28,17:00,9.5799
2025-03-28,18:00,9.1995
2025-03-28,19:00,-4.3799
2025-03-28,20:00,5.6847
2025-03-28,21:00,4.7301
2025-03-28,22:00,2.1601
2025-03-28,23:00,2.2727
2025-03-29,00:00,3.5892
2025-03-29,01:00,10.6842
2025-03-29,02:00,13.5102
2025-03-29,03:00,9.4281
2025-03-29,04:00,-32.9392
2025-03-29,05:00,14.2131
2025-03-29,06:00,26.6173
2025-03-29,07:00,31.5768
2025-03-29,08:00,35.8244
2025-03-29,09:00,-28.6479
2025-03-29,10:00,69.8296
2025-03-29,11:00,26.4072
2025-03-29,12:00,20.0458
2025-03-29,13:00,16.8379
2025-03-29,14:00,-9.2007
2025-03-29,15:00,10.7182
2025-03-29,16:00,20.2698
2025-03-29,17:00,8.8318
2025-03-29,18:00,9.5572
2025-03-29,19:00,7.4716
2025-03-29,20:00,2.598
2025-03-29,21:00,5.0752
2025-03-29,22:00,2.468
2025-03-29,23:00,2.3044
2025-03-30,00:00,3.9686
2025-03-30,01:00,4.3925
2025-03-30,02:00,11.0756
2025-03-30,03:00,17.1919
2025-03-30,04:00,20.4314
2025-03-30,05:00,28.3069
2025-03-30,06:00,34.9634
2025-03-30,07:00,27.9132
2025-03-30,08:00,27.8156
2025-03-30,09:00,15.5106
2025-03-30,10:00,3.8357
2025-03-30,11:00,22.9379
2025-03-30,12:00,20.7371
2025-03-30,13:00,18.3443
2025-03-30,14:00,11.3649
2025-03-30,15:00,8.7192
2025-03-30,16:00,6.4884
2025-03-30,17:00,9.5211
2025-03-30,18:00,3.3463
2025-03-30,19:00,5.0141
2025-03-30,20:00,2.2471
2025-03-30,21:00,2.9132
2025-03-30,22:00,2.8095
2025-03-30,23:00,2.8373
2025-03-31,00:00,3.864
2025-03-31,01:00,8.1808
2025-03-31,02:00,14.0543
2025-03-31,03:00,17.2004
2025-03-31,04:00,19.9279
2025-03-31,05:00,12.9767
2025-03-31,06:00,25.4415
2025-03-31,07:00,-16.0978
2025-03-31,08:00,37.5591
2025-03-31,09:00,36.8301
2025-03-31,10:00,50.5544
2025-03-31,11:00,25.1766
2025-03-31,12:00,4.6771
2025-03-31,13:00,23.3394
2025-03-31,14:00,12.1294
2025-03-31,15:00,10.9815
2025-03-31,16:00,6.4581
2025-03-31,17:00,9.0921
2025-03-31,18:00,8.7833
2025-03-31,19:00,4.2826
2025-03-31,20:00,3.3549
2025-03-31,21:00,3.232
2025-03-31,22:00,1.5808
2025-03-31,23:00,2.7293
2025-04-01,00:00,3.8758
2025-04-01,01:00,7.715
2025-04-01,02:00,4.9949
2025-04-01,03:00,20.9884
2025-04-01,04:00,34.6371
2025-04-01,05:00,23.1395
2025-04-01,06:00,15.6382
2025-04-01,07:00,42.641
2025-04-01,08:00,42.8082
2025-04-01,09:00,26.9144
2025-04-01,10:00,3.4387
2025-04-01,11:00,41.0869
2025-04-01,12:00,18.2168
2025-04-01,13:00,19.2886
2025-04-01,14:00,16.8098
2025-04-01,15:00,6.996
2025-04-01,16:00,10.6069
2025-04-01,17:00,10.8525
2025-04-01,18:00,7.9069
2025-04-01,19:00,4.2329
2025-04-01,20:00,5.1902
2025-04-01,21:00,5.641
2025-04-01,22:00,4.1449
2025-04-01,23:00,2.3695
2025-04-02,00:00,3.8791
2025-04-02,01:00,6.6481
2025-04-02,02:00,11.9665
2025-04-02,03:00,17.6692
2025-04-02,04:00,23.9243
2025-04-02,05:00,27.0172
2025-04-02,06:00,26.4848
2025-04-02,07:00,30.5111
2025-04-02,08:00,-98.0029
2025-04-02,09:00,35.4502
2025-04-02,10:00,-27.2976
2025-04-02,12:00,20.3956
2025-04-02,13:00,20.0141
2025-04-02,14:00,11.8577
2025-04-02,15:00,12.0954
2025-04-02,16:00,8.5296
2025-04-02,17:00,8.9784
2025-04-02,18:00,-2.6991
2025-04-02,19:00,3.9213
2025-04-02,20:00,2.7397
2025-04-02,21:00,1.6716
2025-04-02,22:00,2.3009
2025-04-02,23:00,2.1605
2025-04-03,00:00,3.7471
2025-04-03,01:00,8.0327
2025-04-03,02:00,13.4548
2025-04-03,03:00,17.1473
2025-04-03,04:00,24.7217
2025-04-03,05:00,29.5149
2025-04-03,06:00,32.9223
2025-04-03,07:00,50.8339
2025-04-03,08:00,24.5435
2025-04-03,09:00,25.6615
2025-04-03,10:00,25.5293
2025-04-03,11:00,32.2623
2025-04-03,12:00,22.0281
2025-04-03,13:00,18.8466
2025-04-03,14:00,2.6395
2025-04-03,15:00,-0.3384
2025-04-03,16:00,5.8156
2025-04-03,17:00,8.2676
2025-04-03,18:00,-1.7948
2025-04-03,19:00,5.6141
2025-04-03,21:00,3.1738
2025-04-03,22:00,2.8181
2025-04-03,23:00,2.9243
2025-04-04,00:00,3.6447
2025-04-04,01:00,8.9758
2025-04-04,02:00,13.4311
2025-04-04,03:00,18.6351
2025-04-04,04:00,21.5173
2025-04-04,05:00,24.9592
2025-04-04,06:00,26.8293
2025-04-04,07:00,29.6766
2025-04-04,08:00,25.3261
2025-04-04,09:00,55.35
2025-04-04,10:00,27.7935
2025-04-04,11:00,30.8846
2025-04-04,12:00,21.3976
2025-04-04,13:00,76.3922
2025-04-04,14:00,22.8796
2025-04-04,15:00,7.42
2025-04-04,16:00,11.271
2025-04-04,17:00,9.559
2025-04-04,18:00,13.7554
2025-04-04,19:00,8.0167
2025-04-04,20:00,6.3225
2025-04-04,21:00,7.8635
2025-04-04,22:00,2.6294
2025-04-04,23:00,2.7323
2025-04-05,00:00,3.9343
2025-04-05,01:00,7.8991
2025-04-05,02:00,12.0612
2025-04-05,03:00,10.2891
2025-04-05,04:00,-1.908
2025-04-05,05:00,20.4663
2025-04-05,06:00,25.8515
2025-04-05,07:00,9.6805
2025-04-05,08:00,29.9025
2025-04-05,09:00,17.4522
2025-04-05,10:00,29.2993
2025-04-05,11:00,-16.1772
2025-04-05,12:00,4.4651
2025-04-05,13:00,19.4752
2025-04-05,14:00,17.3878
2025-04-05,15:00,11.9601
2025-04-05,16:00,6.6189
2025-04-05,17:00,-34.6142
2025-04-05,18:00,-2.5045
2025-04-05,19:00,4.2464
2025-04-05,20:00,3.8828
2025-04-05,21:00,3.669
2025-04-05,22:00,2.7752
2025-04-05,23:00,2.7079
2025-04-06,00:00,3.6045
2025-04-06,01:00,8.9399
2025-04-06,02:00,11.884
2025-04-06,03:00,15.0716
2025-04-06,04:00,23.3544
2025-04-06,06:00,23.8727
2025-04-06,07:00,36.7647
2025-04-06,08:00,15.5188
2025-04-06,09:00,35.0854
2025-04-06,10:00,12.66
2025-04-06,11:00,24.7402
2025-04-06,12:00,28.7634
2025-04-06,13:00,2.9852
2025-04-06,14:00,-396.4392
2025-04-06,15:00,-2.4876
2025-04-06,16:00,9.0165
2025-04-06,17:00,7.336
2025-04-06,18:00,4.7261
2025-04-06,19:00,4.3036
2025-04-06,20:00,3.0495
2025-04-06,21:00,3.5952
2025-04-06,22:00,1.0579
2025-04-06,23:00,2.7999
